Buyer,Target,Sector,EBITDA_EUR,Proposal_Draft,Action
Sponsor Capital,CloudSoft Solutions,Software & Technical wholesale,5000000,"Hi, we have identified 1 off-market targets in the Software & Technical wholesale space matching Sponsor Capital's acquisition criteria. Let's review the proprietary pipeline.",Send to Investment Committee
Sponsor Capital,FlowTech Software,Software & Technical wholesale,8500000,"Hi, we have identified 1 off-market targets in the Software & Technical wholesale space matching Sponsor Capital's acquisition criteria. Let's review the proprietary pipeline.",Send to Investment Committee
Sponsor Capital,Nexus Enterprise Systems,Software & Technical wholesale,11000000,"Hi, we have identified 1 off-market targets in the Software & Technical wholesale space matching Sponsor Capital's acquisition criteria. Let's review the proprietary pipeline.",Send to Investment Committee
H.I.G. Capital,EcoRecycle AB,Circular economy / Waste logistics,9000000,"Hi, we have identified 1 off-market targets in the Circular economy / Waste logistics space matching H.I.G. Capital's acquisition criteria. Let's review the proprietary pipeline.",Send to Investment Committee
H.I.G. Capital,Alpine Logistics AG,Circular economy / Waste logistics,14000000,"Hi, we have identified 1 off-market targets in the Circular economy / Waste logistics space matching H.I.G. Capital's acquisition criteria. Let's review the proprietary pipeline.",Send to Investment Committee
H.I.G. Capital,GreenCycle GmbH,Circular economy / Waste logistics,22000000,"Hi, we have identified 1 off-market targets in the Circular economy / Waste logistics space matching H.I.G. Capital's acquisition criteria. Let's review the proprietary pipeline.",Send to Investment Committee
Kotera Group,Nordic Build Oy,Industrial construction,6500000,"Hi, we have identified 1 off-market targets in the Industrial construction space matching Kotera Group's acquisition criteria. Let's review the proprietary pipeline.",Send to Investment Committee
Kotera Group,Tampere Steel Works,Industrial construction,18000000,"Hi, we have identified 1 off-market targets in the Industrial construction space matching Kotera Group's acquisition criteria. Let's review the proprietary pipeline.",Send to Investment Committee
CapMan,Helsinki Digital Oy,B2B SaaS & Digital Services,4500000,"Hi, we have identified 1 off-market targets in the B2B SaaS & Digital Services space matching CapMan's acquisition criteria. Let's review the proprietary pipeline.",Send to Investment Committee
CapMan,Apex SaaS Nordic,B2B SaaS & Digital Services,3500000,"Hi, we have identified 1 off-market targets in the B2B SaaS & Digital Services space matching CapMan's acquisition criteria. Let's review the proprietary pipeline.",Send to Investment Committee
Intera Partners,Stockholm Automation AB,Manufacturing & Industrial Automation,12000000,"Hi, we have identified 1 off-market targets in the Manufacturing & Industrial Automation space matching Intera Partners's acquisition criteria. Let's review the proprietary pipeline.",Send to Investment Committee
Intera Partners,Vantaa Engineering,Manufacturing & Industrial Automation,7000000,"Hi, we have identified 1 off-market targets in the Manufacturing & Industrial Automation space matching Intera Partners's acquisition criteria. Let's review the proprietary pipeline.",Send to Investment Committee
