company_id,signal_type,date,headline,source,url
1,growth,2026-03-12,ARR grew 31% year on year; opened a Stockholm office,Simulated news (demo data),
1,capital_need,2026-06-02,Founder told local press the company is exploring growth financing,Simulated news (demo data),
2,succession,2026-02-18,Founder (64) has no family successor named in the annual report,Simulated annual report (demo data),
2,management_change,2026-05-07,Hired first external CFO,Simulated news (demo data),
3,growth,2026-01-22,Signed a framework agreement with a Nordic retail group,Simulated news (demo data),
4,succession,2025-11-04,Chairman (68) stepped back; son appointed CEO,Simulated registry change (demo data),
4,management_change,2025-11-04,New CEO registered: Jussi Kivikko,Simulated registry change (demo data),
5,succession,2026-04-15,Owner (66) mentioned retirement plans in trade press,Simulated news (demo data),
5,acquisition,2025-09-30,Acquired a regional recycling competitor,Simulated news (demo data),
6,management_change,2026-02-01,Founder handed CEO role to Anna Berg and became chairman,Simulated registry change (demo data),
6,growth,2026-07-10,Order backlog up 40%; new plant under construction,Simulated news (demo data),
7,ownership_change,2023-05-15,PE owner entered in 2023; typical holding period 4–6 years,Simulated ownership data (demo data),
8,succession,2026-03-03,Second-generation owners (both 60+) with no third generation in management,Simulated annual report (demo data),
8,acquisition,2026-06-20,Bought a smaller plastics recycling line in Odense,Simulated news (demo data),
9,succession,2025-12-10,Founder family owner (71) still CEO after 50 years,Simulated registry change (demo data),
9,capital_need,2026-05-19,Announced €12M automation investment programme,Simulated news (demo data),
10,succession,2026-01-28,Owner (65) publicly looking for a successor,Simulated news (demo data),
11,growth,2026-04-02,Revenue up 22%; entered the Austrian market,Simulated news (demo data),
12,capital_need,2026-02-24,Seeking partner to scale heat-pump control software across DACH,Simulated news (demo data),
12,growth,2026-08-05,Won a Swiss federal energy efficiency tender,Simulated news (demo data),
13,growth,2026-03-30,Headcount grew from 48 to 72 in 18 months,Simulated job-posting data (demo data),
14,succession,2026-05-12,Founder (63) reduced board role; no successor announced,Simulated registry change (demo data),
15,ownership_change,2021-09-01,PE owner since 2021; exit window opening,Simulated ownership data (demo data),
15,acquisition,2025-10-14,Add-on acquisition of a Danish hydraulics supplier,Simulated news (demo data),
16,growth,2026-02-11,Won a 7-year municipal waste contract in Lapland,Simulated news (demo data),
17,succession,2026-01-15,Daughter joined as CEO; father (69) remains majority owner,Simulated registry change (demo data),
17,management_change,2026-01-15,New CEO registered: Sabine Richter,Simulated registry change (demo data),
18,growth,2026-06-18,Crossed 1000 SMB customers,Simulated news (demo data),
19,succession,2026-04-08,Owner (67) has run the company since 1987,Simulated annual report (demo data),
19,capital_need,2026-07-01,Warehouse lease expires 2027; relocation required,Simulated news (demo data),
20,ownership_change,2022-03-10,PE-backed since 2022,Simulated ownership data (demo data),
20,growth,2026-05-26,Signed three new utility customers in Germany,Simulated news (demo data),
21,succession,2025-10-20,Third-generation owner (70) with no family successor,Simulated news (demo data),
22,management_change,2026-03-16,Appointed a new Chief Revenue Officer from a listed SaaS company,Simulated news (demo data),
22,growth,2026-08-21,Expanded field-service platform to Norway,Simulated news (demo data),
23,succession,2026-02-06,Founder (72) handed CEO role to daughter Karin Holm,Simulated registry change (demo data),
23,acquisition,2026-04-29,Acquired a textile recycling start-up,Simulated news (demo data),
24,capital_need,2026-06-09,Announced plans to double production capacity by 2028,Simulated news (demo data),
25,growth,2026-01-19,Grid software revenue up 35% on the energy transition,Simulated news (demo data),
25,capital_need,2026-07-22,Exploring a minority investor to fund US expansion,Simulated news (demo data),
26,succession,2026-05-04,Owner (66) reducing ownership; board refreshed,Simulated registry change (demo data),
27,succession,2026-03-25,Owner (68) has no named successor,Simulated annual report (demo data),
27,acquisition,2025-12-02,Acquired a container logistics yard in Bremen,Simulated news (demo data),
28,succession,2026-02-27,Founder (62) exploring options for the family business,Simulated news (demo data),
29,growth,2026-04-17,New EMC test lab opened for defence customers,Simulated news (demo data),
30,ownership_change,2020-11-30,PE owner since 2020; beyond typical holding period,Simulated ownership data (demo data),
30,acquisition,2026-05-13,Added two clinics in Graz,Simulated news (demo data),
31,succession,2025-12-18,Owner (69) stepped down as CEO; family board seeking a buyer,Simulated news (demo data),
32,growth,2026-07-07,Compliance SaaS ARR doubled in 12 months,Simulated news (demo data),
32,capital_need,2026-08-28,Raising growth capital for EU expansion,Simulated news (demo data),
